{"noiseKey":{"private":{"type":"Buffer","data":"MD+iyGgarNDexrVQUd+ljrQAxcVp3dAj3pHWfcYJr1s="},"public":{"type":"Buffer","data":"gHpsCDDF0tLgav0q9zgIghNlRW1AYsxbe2Dq5UmwBCQ="}},"pairingEphemeralKeyPair":{"private":{"type":"Buffer","data":"SOqZrer5ihlOzs/op19CEAkbQPLFqE7+G0bLzSgxYGk="},"public":{"type":"Buffer","data":"sXmV9TBuKE/0g0L/oXgQnVMyKWstFfnUhD9eB87LXG8="}},"signedIdentityKey":{"private":{"type":"Buffer","data":"+AhgmhAbD2zqWOUYlomi6AtG1uC8pmM55eQ0KWSp2Uo="},"public":{"type":"Buffer","data":"Li+QDUrKg/FIkmPFA8JIMbR46AVLYThGydgacmE94xI="}},"signedPreKey":{"keyPair":{"private":{"type":"Buffer","data":"qONqOndFKSYjuPhvnRq3TZ5P+fuALccz3GmTuhyRTVY="},"public":{"type":"Buffer","data":"OgiAyI8/JDlmyyUlpw9tvD+8dqWIK1sKUfensiLpmB4="}},"signature":{"type":"Buffer","data":"eBVoj+XnSwNOlK7nyTzWoNRCkyijeVebmZmVSUEv4SCj2eW8Yg8+NcF8XADzuhg5f36QJ3xDX1/sbA8HB03jBg=="},"keyId":1},"registrationId":42,"advSecretKey":"JkgzDk35NZGmwoggJn/zPaepZhgrbk24N44PqoKAp1M=","processedHistoryMessages":[{"key":{"remoteJid":"2349132126907@s.whatsapp.net","fromMe":true,"id":"EE0D21AE830C75016F24CC5CC25234DF"},"messageTimestamp":1731876731}],"nextPreKeyId":31,"firstUnuploadedPreKeyId":31,"accountSyncCounter":1,"accountSettings":{"unarchiveChats":false},"deviceId":"lSwR1mF5T0WBRlseeLFHgQ","phoneId":"8be8772c-8d63-4cc4-b23b-0f3c39bab847","identityId":{"type":"Buffer","data":"TwBSGl1OlmBzmIXhvgcE2K0hsO0="},"registered":true,"backupToken":{"type":"Buffer","data":"t2/At/0Yp7vCiVQzt8e061Landk="},"registration":{},"pairingCode":"TXQ6H3XD","me":{"id":"2349132126907:76@s.whatsapp.net","name":"Alayomo Tech Institute","lid":"60207187120207:76@lid"},"account":{"details":"CJeS5wsQ8a7puQYYCSAAKAA=","accountSignatureKey":"jbtRldrw8up+vSDOWwa+4SFSA3rEBhm4fzeX59FyAQo=","accountSignature":"hHnR1X0W60phrzLYH/BpnCf+6YsVSwt0egHSmoURbtGv9mXi06ZsK39dGbPwUxwQv2RvHfl37EO/D83MKzhmBQ==","deviceSignature":"Sx/mAh6IxOZELFzcERF9qi/Ck8avecRP1ZbmPCktmtjrlmhjr19lSBaziKTAFM8CgD1Mbw5WtRG2QDXfbOkwCQ=="},"signalIdentities":[{"identifier":{"name":"2349132126907:76@s.whatsapp.net","deviceId":0},"identifierKey":{"type":"Buffer","data":"BY27UZXa8PLqfr0gzlsGvuEhUgN6xAYZuH83l+fRcgEK"}}],"platform":"smba","lastAccountSyncTimestamp":1731876725,"myAppStateKeyId":"AAAAAFL+"}